<?xml version='1.0' encoding='UTF-8'?>
<rdf:RDF xmlns:rdf='http://www.w3.org/1999/02/22-rdf-syntax-ns#'>

<rdf:Description rdf:about='///var/opt/Shared/Photos/Places/Europe/EU-CH-Switzerland/EU-CH-Matterhorn/20060723-Summit_BrianAustin.jpg'
  xmlns:et='http://ns.exiftool.ca/1.0/' et:toolkit='Image::ExifTool 10.02'
  xmlns:ExifTool='http://ns.exiftool.ca/ExifTool/1.0/'
  xmlns:System='http://ns.exiftool.ca/File/System/1.0/'
  xmlns:File='http://ns.exiftool.ca/File/1.0/'
  xmlns:IFD0='http://ns.exiftool.ca/EXIF/IFD0/1.0/'
  xmlns:ExifIFD='http://ns.exiftool.ca/EXIF/ExifIFD/1.0/'
  xmlns:Olympus='http://ns.exiftool.ca/MakerNotes/Olympus/1.0/'
  xmlns:InteropIFD='http://ns.exiftool.ca/EXIF/InteropIFD/1.0/'
  xmlns:PrintIM='http://ns.exiftool.ca/PrintIM/PrintIM/1.0/'
  xmlns:IFD1='http://ns.exiftool.ca/EXIF/IFD1/1.0/'
  xmlns:XMP-rdf='http://ns.exiftool.ca/XMP/XMP-rdf/1.0/'
  xmlns:XMP-dc='http://ns.exiftool.ca/XMP/XMP-dc/1.0/'
  xmlns:Composite='http://ns.exiftool.ca/Composite/1.0/'>
 <ExifTool:ExifToolVersion>10.02</ExifTool:ExifToolVersion>
 <ExifTool:Warning>[minor] Possibly incorrect maker notes offsets (fix by 3670?)</ExifTool:Warning>
 <System:FileName>20060723-Summit_BrianAustin.jpg</System:FileName>
 <System:Directory>///var/opt/Shared/Photos/Places/Europe/EU-CH-Switzerland/EU-CH-Matterhorn</System:Directory>
 <System:FileSize>789 kB</System:FileSize>
 <System:FileModifyDate>2015:10:17 00:42:03-07:00</System:FileModifyDate>
 <System:FileAccessDate>2015:10:17 00:55:32-07:00</System:FileAccessDate>
 <System:FileInodeChangeDate>2015:10:17 00:55:40-07:00</System:FileInodeChangeDate>
 <System:FilePermissions>rwx------</System:FilePermissions>
 <File:FileType>JPEG</File:FileType>
 <File:FileTypeExtension>jpg</File:FileTypeExtension>
 <File:MIMEType>image/jpeg</File:MIMEType>
 <File:ExifByteOrder>Big-endian (Motorola, MM)</File:ExifByteOrder>
 <File:ImageWidth>2288</File:ImageWidth>
 <File:ImageHeight>1712</File:ImageHeight>
 <File:EncodingProcess>Baseline DCT, Huffman coding</File:EncodingProcess>
 <File:BitsPerSample>8</File:BitsPerSample>
 <File:ColorComponents>3</File:ColorComponents>
 <File:YCbCrSubSampling>YCbCr4:2:2 (2 1)</File:YCbCrSubSampling>
 <IFD0:ImageDescription>OLYMPUS DIGITAL CAMERA         </IFD0:ImageDescription>
 <IFD0:Make>OLYMPUS CORPORATION</IFD0:Make>
 <IFD0:Model>C770UZ</IFD0:Model>
 <IFD0:Orientation>Horizontal (normal)</IFD0:Orientation>
 <IFD0:XResolution>72</IFD0:XResolution>
 <IFD0:YResolution>72</IFD0:YResolution>
 <IFD0:ResolutionUnit>inches</IFD0:ResolutionUnit>
 <IFD0:Software>v772-83</IFD0:Software>
 <IFD0:ModifyDate>2006:07:23 12:21:09</IFD0:ModifyDate>
 <IFD0:Artist>Austin Davis Holiday</IFD0:Artist>
 <IFD0:YCbCrPositioning>Co-sited</IFD0:YCbCrPositioning>
 <IFD0:XPComment>Matterhorn Obersvation point; Brian King, Austin Davis Holiday; Switzerland</IFD0:XPComment>
 <IFD0:XPAuthor>Austin Davis Holiday</IFD0:XPAuthor>
 <IFD0:Padding>(Binary data 1896 bytes, use -b option to extract)</IFD0:Padding>
 <ExifIFD:ExposureTime>1/800</ExifIFD:ExposureTime>
 <ExifIFD:FNumber>5.0</ExifIFD:FNumber>
 <ExifIFD:ExposureProgram>Program AE</ExifIFD:ExposureProgram>
 <ExifIFD:ISO>64</ExifIFD:ISO>
 <ExifIFD:ExifVersion>0220</ExifIFD:ExifVersion>
 <ExifIFD:DateTimeOriginal>2006:07:23 12:21:09</ExifIFD:DateTimeOriginal>
 <ExifIFD:CreateDate>2006:07:23 12:21:09</ExifIFD:CreateDate>
 <ExifIFD:ComponentsConfiguration>Y, Cb, Cr, -</ExifIFD:ComponentsConfiguration>
 <ExifIFD:CompressedBitsPerPixel>2</ExifIFD:CompressedBitsPerPixel>
 <ExifIFD:ExposureCompensation>0</ExifIFD:ExposureCompensation>
 <ExifIFD:MaxApertureValue>2.8</ExifIFD:MaxApertureValue>
 <ExifIFD:MeteringMode>Multi-segment</ExifIFD:MeteringMode>
 <ExifIFD:LightSource>Unknown</ExifIFD:LightSource>
 <ExifIFD:Flash>Off, Did not fire</ExifIFD:Flash>
 <ExifIFD:FocalLength>6.3 mm</ExifIFD:FocalLength>
 <ExifIFD:FlashpixVersion>0100</ExifIFD:FlashpixVersion>
 <ExifIFD:ColorSpace>sRGB</ExifIFD:ColorSpace>
 <ExifIFD:ExifImageWidth>2288</ExifIFD:ExifImageWidth>
 <ExifIFD:ExifImageHeight>1712</ExifIFD:ExifImageHeight>
 <ExifIFD:FileSource>Digital Camera</ExifIFD:FileSource>
 <ExifIFD:SceneType>Directly photographed</ExifIFD:SceneType>
 <ExifIFD:CustomRendered>Normal</ExifIFD:CustomRendered>
 <ExifIFD:ExposureMode>Auto</ExifIFD:ExposureMode>
 <ExifIFD:WhiteBalance>Auto</ExifIFD:WhiteBalance>
 <ExifIFD:DigitalZoomRatio>0</ExifIFD:DigitalZoomRatio>
 <ExifIFD:SceneCaptureType>Standard</ExifIFD:SceneCaptureType>
 <ExifIFD:GainControl>None</ExifIFD:GainControl>
 <ExifIFD:Contrast>Normal</ExifIFD:Contrast>
 <ExifIFD:Saturation>Normal</ExifIFD:Saturation>
 <ExifIFD:Sharpness>Normal</ExifIFD:Sharpness>
 <ExifIFD:Padding>(Binary data 2072 bytes, use -b option to extract)</ExifIFD:Padding>
 <ExifIFD:OffsetSchema>3670</ExifIFD:OffsetSchema>
 <Olympus:SpecialMode>Normal, Sequence: 0, Panorama: (none)</Olympus:SpecialMode>
 <Olympus:Quality>SQ (Low)</Olympus:Quality>
 <Olympus:Macro>Off</Olympus:Macro>
 <Olympus:BWMode>Off</Olympus:BWMode>
 <Olympus:DigitalZoom>undef.0</Olympus:DigitalZoom>
 <Olympus:FocalPlaneDiagonal>undef mm</Olympus:FocalPlaneDiagonal>
 <Olympus:LensDistortionParams>0 0 0 0 0 0</Olympus:LensDistortionParams>
 <Olympus:CameraType>Unknown ()</Olympus:CameraType>
 <Olympus:CameraID></Olympus:CameraID>
 <Olympus:PreCaptureFrames>0</Olympus:PreCaptureFrames>
 <Olympus:WhiteBoard>0</Olympus:WhiteBoard>
 <Olympus:OneTouchWB>Off</Olympus:OneTouchWB>
 <Olympus:WhiteBalanceBracket>0</Olympus:WhiteBalanceBracket>
 <Olympus:WhiteBalanceBias>0</Olympus:WhiteBalanceBias>
 <Olympus:DataDump>(Binary data 494 bytes, use -b option to extract)</Olympus:DataDump>
 <InteropIFD:InteropVersion>0100</InteropIFD:InteropVersion>
 <PrintIM:PrintIMVersion>0250</PrintIM:PrintIMVersion>
 <IFD1:Compression>JPEG (old-style)</IFD1:Compression>
 <IFD1:XResolution>72</IFD1:XResolution>
 <IFD1:YResolution>72</IFD1:YResolution>
 <IFD1:ResolutionUnit>inches</IFD1:ResolutionUnit>
 <IFD1:ThumbnailOffset>6400</IFD1:ThumbnailOffset>
 <IFD1:ThumbnailLength>6812</IFD1:ThumbnailLength>
 <XMP-rdf:About>uuid:faf5bdd5-ba3d-11da-ad31-d33d75182f1b</XMP-rdf:About>
 <XMP-dc:Creator>Austin Davis Holiday</XMP-dc:Creator>
 <Composite:Aperture>5.0</Composite:Aperture>
 <Composite:ImageSize>2288x1712</Composite:ImageSize>
 <Composite:Megapixels>3.9</Composite:Megapixels>
 <Composite:ShutterSpeed>1/800</Composite:ShutterSpeed>
 <Composite:ThumbnailImage>(Binary data 6812 bytes, use -b option to extract)</Composite:ThumbnailImage>
 <Composite:FocalLength35efl>6.3 mm</Composite:FocalLength35efl>
 <Composite:LightValue>14.9</Composite:LightValue>
</rdf:Description>
</rdf:RDF>
